{
    "train_losses": [
        0.5395003225122179,
        0.37789290300437384,
        0.23481827201587813,
        0.06872723453678191,
        0.012063218227537748
    ],
    "val_losses": [
        0.43252844794800405,
        0.40351717526975434,
        0.44229982597263234,
        0.644063800573349,
        3.2230351563347015
    ],
    "train_accuracies": [
        0.6507142857142857,
        0.7876785714285715,
        0.90375,
        0.9760714285714286,
        0.99625
    ],
    "val_accuracies": [
        0.7408333333333333,
        0.7716666666666666,
        0.8075,
        0.8175,
        0.7791666666666667
    ],
    "training_info": {
        "model_params": 13771342,
        "optimizer": "Adam",
        "learning_rate": 0.001,
        "device": "cpu",
        "started": "2024-11-30 18:58:11"
    }
}